Workbook

Sheet Dashboard
A1: Plan 70.3 Río — Seguimiento
A3: FTP actual (W): | B3: 205
A4: Meta 70.3: | B4: Sub 5:30
A5: Regla clave: | B5: Z2 real + tempo sostenido; Z4/Z5 dosificado
A7: Semana | B7: 1
A8: Horas plan (semana) | B8: =Semanas!E2 -> 11.083333
A9: Horas reales (semana) | B9: =Semanas!J2 -> 8.8666667
A10: % cumplimiento | B10: =Semanas!O2 -> 0.8

Sheet Plan diario
A1: Fecha | B1: Día | C1: Semana | D1: Inicio semana | E1: Fase | F1: Disciplina | G1: Sesión | H1: Objetivo | I1: Duración plan (min) | J1: Distancia plan | K1: Unidad | L1: Zona objetivo | M1: Indicaciones | N1: Estado | O1: Duración real (min) | P1: Distancia real | Q1: RPE | R1: FC media | S1: FC máx | T1: Potencia media (W) | U1: NP (W) | V1: Comentarios | W1: Min reales (auto)
A2: 46055 | B2: Lunes | C2: 1 | D2: 46055 | E2: Base específica (semana 1) | F2: Fuerza | G2: Fuerza tren inferior | H2: Fuerza | I2: 45 | L2: RPE 7–8 | M2: Sentadilla 4×4, RDL 3×5, step-ups 3×6/lad, core. Sin fallo. | N2: Hecho | O2: 45 | W2: =IF(OR($N2="Hecho",$N2="Parcial"),IF($O2="",0,$O2),0) -> 45
A3: 46055 | B3: Lunes | C3: 1 | D3: 46055 | E3: Base específica (semana 1) | F3: Running | G3: Z2 fácil (técnica) | H3: Base | I3: 40 | L3: Z2 | M3: Conversacional. Control de deriva. Cadencia 170–180. | N3: Hecho | O3: 39 | P3: 5.75 | R3: 136 | S3: 156 | T3: 276 | V3: Volviendo a la altura | W3: =IF(OR($N3="Hecho",$N3="Parcial"),IF($O3="",0,$O3),0) -> 39
A4: 46056 | B4: Martes | C4: 1 | D4: 46055 | E4: Base específica (semana 1) | F4: Natación | G4: Natación – calidad técnica/CSS | H4: Calidad | I4: 45 | J4: 2000 | K4: m | L4: Z2→CSS | M4: 300 suave + 6×50 técnica + 10×100 @CSS (20" rec) + 200 suave | N4: hecho | O4: 55 | P4: 2000 | R4: 133 | S4: 173 | W4: =IF(OR($N4="Hecho",$N4="Parcial"),IF($O4="",0,$O4),0) -> 55
A5: 46056 | B5: Martes | C5: 1 | D5: 46055 | E5: Base específica (semana 1) | F5: Bici | G5: Bici indoor – Z2 | H5: Base | I5: 60 | L5: Z2 (115–154W) | M5: Z2 estable. Cadencia 85–95. Ventilación/ventilador. | N5: Hecho | O5: 50 | P5: 23.39 | R5: 136 | S5: 158 | T5: 130 | W5: =IF(OR($N5="Hecho",$N5="Parcial"),IF($O5="",0,$O5),0) -> 50
A6: 46057 | B6: Miércoles | C6: 1 | D6: 46055 | E6: Base específica (semana 1) | F6: Running | G6: Running – Z2 + strides | H6: Base/técnica | I6: 45 | L6: Z2 + strides | M6: 30' Z2 + 6×20" strides (40" caminando). Control de deriva. | N6: hecho | O6: 40 | P6: 6.35 | R6: 137 | S6: 159 | W6: =IF(OR($N6="Hecho",$N6="Parcial"),IF($O6="",0,$O6),0) -> 40
A7: 46058 | B7: Jueves | C7: 1 | D7: 46055 | E7: Base específica (semana 1) | F7: Bici | G7: Bici indoor – Z2 | H7: Base | I7: 70 | L7: Z2 (115–154W) | M7: Z2 estricta, sin “apretar”. | N7: hecho | O7: 60 | P7: 24.6 | R7: 121 | S7: 168 | T7: 122 | W7: =IF(OR($N7="Hecho",$N7="Parcial"),IF($O7="",0,$O7),0) -> 60
A8: 46058 | B8: Jueves | C8: 1 | D8: 46055 | E8: Base específica (semana 1) | F8: Running | G8: Brick run – Z2 | H8: Base | I8: 20 | L8: Z2 | M8: Muy controlado; primer 5' muy suave. | N8: hecho | O8: 22 | P8: 4 | R8: 160 | S8: 171 | W8: =IF(OR($N8="Hecho",$N8="Parcial"),IF($O8="",0,$O8),0) -> 22
A9: 46059 | B9: Viernes | C9: 1 | D9: 46055 | E9: Base específica (semana 1) | F9: Natación | G9: Natación – simulación aguas abiertas (piscina) | H9: Aguas abiertas sim | I9: 45 | J9: 1800 | K9: m | L9: Z2 | M9: Continuo 1.5–1.8 km con 6–8 'sighting' cada 100–200m. | N9: hecho | O9: 31 | P9: 1450 | R9: 133 | S9: 148 | W9: =IF(OR($N9="Hecho",$N9="Parcial"),IF($O9="",0,$O9),0) -> 31
A10: 46059 | B10: Viernes | C10: 1 | D10: 46055 | E10: Base específica (semana 1) | F10: Fuerza | G10: Fuerza tren superior | H10: Fuerza | I10: 35 | L10: RPE 7–8 | M10: Empuje/tiron + core: press, remos, face pulls, planchas. Sin fatigar demasiado. | N10: Pendiente | W10: =IF(OR($N10="Hecho",$N10="Parcial"),IF($O10="",0,$O10),0) -> 0
A11: 46060 | B11: Sábado | C11: 1 | D11: 46055 | E11: Base específica (semana 1) | F11: Running | G11: Running largo – Z2 | H11: Base | I11: 80 | L11: Z2 | M11: Terreno plano. Conversacional. Técnica y economía. | N11: hecho | O11: 40 | P11: 2.34 | R11: 151 | S11: 174 | V11: 490 desnivel positivo | W11: =IF(OR($N11="Hecho",$N11="Parcial"),IF($O11="",0,$O11),0) -> 40
A12: 46061 | B12: Domingo | C12: 1 | D12: 46055 | E12: Base específica (semana 1) | F12: Bici | G12: Bici larga – Z2 + bloques Z3 | H12: Base/tempo | I12: 180 | L12: Z2 + Z3 (156–175W) | M12: Z2 + 2×8' Z3 (rec 6'). Nutrición 60–70g CH/h + sodio. | N12: hecho | O12: 150 | P12: 80.81 | R12: 157 | S12: 176 | T12: 164 | W12: =IF(OR($N12="Hecho",$N12="Parcial"),IF($O12="",0,$O12),0) -> 150
A13: 46062 | B13: Lunes | C13: 2 | D13: 46062 | E13: Base específica (semana 2) | F13: Fuerza | G13: Fuerza tren inferior | H13: Fuerza | I13: 45 | L13: RPE 7–8 | M13: Sentadilla 4×4, RDL 3×5, step-ups 3×6/lad, core. Sin fallo. | N13: hecho | O13: 30 | V13: hice yoga y estiramiento en vez de gym | W13: =IF(OR($N13="Hecho",$N13="Parcial"),IF($O13="",0,$O13),0) -> 30
A14: 46062 | B14: Lunes | C14: 2 | D14: 46062 | E14: Base específica (semana 2) | F14: Running | G14: Z2 fácil (técnica) | H14: Base | I14: 40 | L14: Z2 | M14: Conversacional. Control de deriva. Cadencia 170–180. | N14: Hecho | O14: 49 | P14: 7.47 | R14: 137 | S14: 149 | W14: =IF(OR($N14="Hecho",$N14="Parcial"),IF($O14="",0,$O14),0) -> 49
A15: 46063 | B15: Martes | C15: 2 | D15: 46062 | E15: Base específica (semana 2) | F15: Natación | G15: Natación – calidad técnica/CSS | H15: Calidad | I15: 45 | J15: 2000 | K15: m | L15: Z2→CSS | M15: 300 suave + 6×50 técnica + 10×100 @CSS (20" rec) + 200 suave | W15: =IF(OR($N15="Hecho",$N15="Parcial"),IF($O15="",0,$O15),0) -> 0
A16: 46063 | B16: Martes | C16: 2 | D16: 46062 | E16: Base específica (semana 2) | F16: Bici | G16: Bici indoor – Z2 | H16: Base | I16: 70 | L16: Z2 (115–154W) | M16: Z2 estable. Cadencia 85–95. Ventilación/ventilador. | N16: Hecho | O16: 60 | P16: 29.12 | R16: 133 | S16: 159 | T16: 135 | W16: =IF(OR($N16="Hecho",$N16="Parcial"),IF($O16="",0,$O16),0) -> 60
A17: 46064 | B17: Miércoles | C17: 2 | D17: 46062 | E17: Base específica (semana 2) | F17: Running | G17: Running – Z2 + strides | H17: Base/técnica | I17: 45 | L17: Z2 + strides | M17: 30' Z2 + 6×20" strides (40" caminando). Control de deriva. | N17: Hecho | O17: 40 | P17: 6.25 | R17: 139 | S17: 170 | W17: =IF(OR($N17="Hecho",$N17="Parcial"),IF($O17="",0,$O17),0) -> 40
A18: 46065 | B18: Jueves | C18: 2 | D18: 46062 | E18: Base específica (semana 2) | F18: Bici | G18: Bici indoor – Z2 | H18: Base | I18: 70 | L18: Z2 (115–154W) | M18: Z2 estricta, sin “apretar”. | N18: hecho | O18: 50 | P18: 18.86 | R18: 124 | S18: 172 | T18: 107 | W18: =IF(OR($N18="Hecho",$N18="Parcial"),IF($O18="",0,$O18),0) -> 50
A19: 46065 | B19: Jueves | C19: 2 | D19: 46062 | E19: Base específica (semana 2) | F19: Running | G19: Brick run – Z2 | H19: Base | I19: 20 | L19: Z2 | M19: Muy controlado; primer 5' muy suave. | N19: hecho | O19: 24 | P19: 4.18 | R19: 162 | S19: 171 | W19: =IF(OR($N19="Hecho",$N19="Parcial"),IF($O19="",0,$O19),0) -> 24
A20: 46066 | B20: Viernes | C20: 2 | D20: 46062 | E20: Base específica (semana 2) | F20: Natación | G20: Natación – simulación aguas abiertas (piscina) | H20: Aguas abiertas sim | I20: 45 | J20: 1800 | K20: m | L20: Z2 | M20: Continuo 1.5–1.8 km con 6–8 'sighting' cada 100–200m. | N20: hecho | O20: 39 | P20: 1500 | R20: 123 | S20: 160 | W20: =IF(OR($N20="Hecho",$N20="Parcial"),IF($O20="",0,$O20),0) -> 39
A21: 46066 | B21: Viernes | C21: 2 | D21: 46062 | E21: Base específica (semana 2) | F21: Fuerza | G21: Fuerza tren superior | H21: Fuerza | I21: 35 | L21: RPE 7–8 | M21: Empuje/tiron + core: press, remos, face pulls, planchas. Sin fatigar demasiado. | N21: Pendiente | W21: =IF(OR($N21="Hecho",$N21="Parcial"),IF($O21="",0,$O21),0) -> 0
A22: 46067 | B22: Sábado | C22: 2 | D22: 46062 | E22: Base específica (semana 2) | F22: Running | G22: Running largo – Z2 | H22: Base | I22: 85 | L22: Z2 | M22: Terreno plano. Conversacional. Técnica y economía. | N22: hecho | O22: 90 | P22: 12.91 | R22: 139 | S22: 151 | W22: =IF(OR($N22="Hecho",$N22="Parcial"),IF($O22="",0,$O22),0) -> 90
A23: 46068 | B23: Domingo | C23: 2 | D23: 46062 | E23: Base específica (semana 2) | F23: Bici | G23: Bici larga – Z2 + bloques Z3 | H23: Base/tempo | I23: 190 | L23: Z2 + Z3 (156–175W) | M23: Z2 + 2×10' Z3 (rec 6'). Nutrición igual. | N23: Pendiente | W23: =IF(OR($N23="Hecho",$N23="Parcial"),IF($O23="",0,$O23),0) -> 0
A24: 46069 | B24: Lunes | C24: 3 | D24: 46069 | E24: Base específica (semana 3) | F24: Fuerza | G24: Fuerza tren inferior | H24: Fuerza | I24: 45 | L24: RPE 7–8 | M24: Sentadilla 4×4, RDL 3×5, step-ups 3×6/lad, core. Sin fallo. | N24: hecho | O24: 52 | R24: 105 | S24: 153 | W24: =IF(OR($N24="Hecho",$N24="Parcial"),IF($O24="",0,$O24),0) -> 52
A25: 46069 | B25: Lunes | C25: 3 | D25: 46069 | E25: Base específica (semana 3) | F25: Running | G25: Z2 fácil (técnica) | H25: Base | I25: 40 | L25: Z2 | M25: Conversacional. Control de deriva. Cadencia 170–180. | N25: hecho | O25: 46 | P25: 6.95 | R25: 140 | S25: 154 | W25: =IF(OR($N25="Hecho",$N25="Parcial"),IF($O25="",0,$O25),0) -> 46
A26: 46070 | B26: Martes | C26: 3 | D26: 46069 | E26: Base específica (semana 3) | F26: Natación | G26: Natación – calidad técnica/CSS | H26: Calidad | I26: 45 | J26: 2000 | K26: m | L26: Z2→CSS | M26: 300 suave + 6×50 técnica + 10×100 @CSS (20" rec) + 200 suave | N26: Pendiente | W26: =IF(OR($N26="Hecho",$N26="Parcial"),IF($O26="",0,$O26),0) -> 0
A27: 46070 | B27: Martes | C27: 3 | D27: 46069 | E27: Base específica (semana 3) | F27: Bici | G27: Bici indoor – Z2 | H27: Base | I27: 60 | L27: Z2 (115–154W) | M27: Z2 estable. Cadencia 85–95. Ventilación/ventilador. | N27: hecho | O27: 50 | P27: 24.19 | R27: 126 | S27: 168 | T27: 136 | W27: =IF(OR($N27="Hecho",$N27="Parcial"),IF($O27="",0,$O27),0) -> 50
A28: 46071 | B28: Miércoles | C28: 3 | D28: 46069 | E28: Base específica (semana 3) | F28: Running | G28: Running – tempo controlado | H28: Tempo | I28: 60 | L28: Z3 (controlado) | M28: 15' Z2 + 3×8' Z3 (rec 3' Z2) + 10' suave. No entrar en Z5. | N28: Pendiente | W28: =IF(OR($N28="Hecho",$N28="Parcial"),IF($O28="",0,$O28),0) -> 0
A29: 46072 | B29: Jueves | C29: 3 | D29: 46069 | E29: Base específica (semana 3) | F29: Bici | G29: Bici indoor – Z2 | H29: Base | I29: 70 | L29: Z2 (115–154W) | M29: Z2 estricta, sin “apretar”. | N29: hecho | O29: 47 | R29: 136 | S29: 158 | W29: =IF(OR($N29="Hecho",$N29="Parcial"),IF($O29="",0,$O29),0) -> 47
A30: 46072 | B30: Jueves | C30: 3 | D30: 46069 | E30: Base específica (semana 3) | F30: Running | G30: Brick run – Z2 | H30: Base | I30: 20 | L30: Z2 | M30: Muy controlado; primer 5' muy suave. | N30: hecho | O30: 24 | P30: 4.13 | R30: 164 | S30: 172 | W30: =IF(OR($N30="Hecho",$N30="Parcial"),IF($O30="",0,$O30),0) -> 24
A31: 46073 | B31: Viernes | C31: 3 | D31: 46069 | E31: Base específica (semana 3) | F31: Natación | G31: Natación – simulación aguas abiertas (piscina) | H31: Aguas abiertas sim | I31: 45 | J31: 1800 | K31: m | L31: Z2 | M31: Continuo 1.5–1.8 km con 6–8 'sighting' cada 100–200m. | N31: hecho | O31: 51 | P31: 2500 | R31: 141 | S31: 162 | W31: =IF(OR($N31="Hecho",$N31="Parcial"),IF($O31="",0,$O31),0) -> 51
A32: 46073 | B32: Viernes | C32: 3 | D32: 46069 | E32: Base específica (semana 3) | F32: Fuerza | G32: Fuerza tren superior | H32: Fuerza | I32: 35 | L32: RPE 7–8 | M32: Empuje/tiron + core: press, remos, face pulls, planchas. Sin fatigar demasiado. | N32: hecho | O32: 31 | V32: yoga en vez de fuerza por dolores y recuperacion | W32: =IF(OR($N32="Hecho",$N32="Parcial"),IF($O32="",0,$O32),0) -> 31
A33: 46074 | B33: Sábado | C33: 3 | D33: 46069 | E33: Base específica (semana 3) | F33: Running | G33: Running largo – Z2 | H33: Base | I33: 90 | L33: Z2 | M33: Terreno plano. Conversacional. Técnica y economía. | N33: hecho | O33: 90 | P33: 12.89 | R33: 145 | S33: 160 | W33: =IF(OR($N33="Hecho",$N33="Parcial"),IF($O33="",0,$O33),0) -> 90
A34: 46075 | B34: Domingo | C34: 3 | D34: 46069 | E34: Base específica (semana 3) | F34: Bici | G34: Bici larga – Z2 + bloques Z3 | H34: Base/tempo | I34: 200 | L34: Z2 + Z3 (156–175W) | M34: Z2 + 3×8' Z3 (rec 6'). Última hora sólida. | N34: hecho | O34: 180 | P34: 85.76 | R34: 150 | S34: 172 | T34: 131 | W34: =IF(OR($N34="Hecho",$N34="Parcial"),IF($O34="",0,$O34),0) -> 180
A35: 46076 | B35: Lunes | C35: 4 | D35: 46076 | E35: Descarga (-20–25%) | F35: Fuerza | G35: Fuerza tren inferior | H35: Fuerza | I35: 45 | L35: RPE 7–8 | M35: Sentadilla 4×4, RDL 3×5, step-ups 3×6/lad, core. Sin fallo. | N35: hecho | O35: 51 | R35: 77 | S35: 124 | W35: =IF(OR($N35="Hecho",$N35="Parcial"),IF($O35="",0,$O35),0) -> 51
A36: 46076 | B36: Lunes | C36: 4 | D36: 46076 | E36: Descarga (-20–25%) | F36: Running | G36: Z2 fácil (técnica) | H36: Base | I36: 30 | L36: Z2 | M36: Conversacional. Control de deriva. Cadencia 170–180. | N36: hecho | O36: 30 | P36: 4.3 | R36: 123 | S36: 136 | W36: =IF(OR($N36="Hecho",$N36="Parcial"),IF($O36="",0,$O36),0) -> 30
A37: 46077 | B37: Martes | C37: 4 | D37: 46076 | E37: Descarga (-20–25%) | F37: Natación | G37: Natación – suave técnica | H37: Recuperación | I37: 40 | J37: 1600 | K37: m | L37: Z1–Z2 | M37: Técnica + continuo fácil | N37: hecho | O37: 46 | P37: 1400 | R37: 118 | S37: 166 | W37: =IF(OR($N37="Hecho",$N37="Parcial"),IF($O37="",0,$O37),0) -> 46
A38: 46077 | B38: Martes | C38: 4 | D38: 46076 | E38: Descarga (-20–25%) | F38: Bici | G38: Bici indoor – Z2 suave | H38: Recuperación | I38: 50 | L38: Z1–Z2 | M38: Muy fácil. | N38: Pendiente | W38: =IF(OR($N38="Hecho",$N38="Parcial"),IF($O38="",0,$O38),0) -> 0
A39: 46078 | B39: Miércoles | C39: 4 | D39: 46076 | E39: Descarga (-20–25%) | F39: Running | G39: Running – Z2 fácil + 4 strides | H39: Recuperación | I39: 35 | L39: Z1–Z2 | M39: 25' fácil + 4×20" strides suaves. | N39: Pendiente | W39: =IF(OR($N39="Hecho",$N39="Parcial"),IF($O39="",0,$O39),0) -> 0
A40: 46079 | B40: Jueves | C40: 4 | D40: 46076 | E40: Descarga (-20–25%) | F40: Bici | G40: Bici indoor – Z2 | H40: Recuperación | I40: 55 | L40: Z2 | M40: Z2 cómodo. | N40: hecho | O40: 50 | P40: 20.46 | R40: 112 | S40: 140 | T40: 112 | W40: =IF(OR($N40="Hecho",$N40="Parcial"),IF($O40="",0,$O40),0) -> 50
A41: 46079 | B41: Jueves | C41: 4 | D41: 46076 | E41: Descarga (-20–25%) | F41: Running | G41: Brick run – Z1–Z2 | H41: Recuperación | I41: 15 | L41: Z1–Z2 | M41: Solo soltar. | N41: hecho | O41: 19 | P41: 2.84 | R41: 138 | S41: 149 | W41: =IF(OR($N41="Hecho",$N41="Parcial"),IF($O41="",0,$O41),0) -> 19
A42: 46080 | B42: Viernes | C42: 4 | D42: 46076 | E42: Descarga (-20–25%) | F42: Natación | G42: Natación – continuo fácil | H42: Recuperación | I42: 40 | J42: 1500 | K42: m | L42: Z1–Z2 | M42: Continuo suave. | N42: hecho | O42: 54 | P42: 2500 | R42: 141 | S42: 153 | W42: =IF(OR($N42="Hecho",$N42="Parcial"),IF($O42="",0,$O42),0) -> 54
A43: 46080 | B43: Viernes | C43: 4 | D43: 46076 | E43: Descarga (-20–25%) | F43: Fuerza | G43: Fuerza tren superior | H43: Fuerza | I43: 35 | L43: RPE 7–8 | M43: Empuje/tiron + core: press, remos, face pulls, planchas. Sin fatigar demasiado. | N43: hecho | O43: 21 | R43: 59 | V43: yoga en vez de fuerza por dolores y recuperacion | W43: =IF(OR($N43="Hecho",$N43="Parcial"),IF($O43="",0,$O43),0) -> 21
A44: 46081 | B44: Sábado | C44: 4 | D44: 46076 | E44: Descarga (-20–25%) | F44: Running | G44: Running largo – Z2 | H44: Recuperación | I44: 70 | L44: Z2 | M44: Más corto. | N44: hecho | O44: 55 | P44: 7.84 | R44: 144 | S44: 155 | V44: brick despues de natacion | W44: =IF(OR($N44="Hecho",$N44="Parcial"),IF($O44="",0,$O44),0) -> 55
A45: 46082 | B45: Domingo | C45: 4 | D45: 46076 | E45: Descarga (-20–25%) | F45: Bici | G45: Bici larga – Z2 | H45: Recuperación | I45: 150 | L45: Z2 | M45: Sin bloques Z3. | N45: hecho | O45: 97 | P45: 28.06 | R45: 141 | S45: 183 | V45: elevacion 481 m | W45: =IF(OR($N45="Hecho",$N45="Parcial"),IF($O45="",0,$O45),0) -> 97
A46: 46083 | B46: Lunes | C46: 5 | D46: 46083 | E46: Base avanzada | F46: Fuerza | G46: Fuerza tren inferior | H46: Fuerza | I46: 45 | L46: RPE 7–8 | M46: Sentadilla 4×4, RDL 3×5, step-ups 3×6/lad, core. Sin fallo. | N46: Pendiente | W46: =IF(OR($N46="Hecho",$N46="Parcial"),IF($O46="",0,$O46),0) -> 0
A47: 46083 | B47: Lunes | C47: 5 | D47: 46083 | E47: Base avanzada | F47: Running | G47: Z2 fácil (técnica) | H47: Base | I47: 40 | L47: Z2 | M47: Conversacional. Control de deriva. Cadencia 170–180. | N47: Pendiente | W47: =IF(OR($N47="Hecho",$N47="Parcial"),IF($O47="",0,$O47),0) -> 0
A48: 46084 | B48: Martes | C48: 5 | D48: 46083 | E48: Base avanzada | F48: Natación | G48: Natación – calidad técnica/CSS | H48: Calidad | I48: 45 | J48: 2000 | K48: m | L48: Z2→CSS | M48: 300 suave + 6×50 técnica + 10×100 @CSS (20" rec) + 200 suave | N48: Pendiente | W48: =IF(OR($N48="Hecho",$N48="Parcial"),IF($O48="",0,$O48),0) -> 0
A49: 46084 | B49: Martes | C49: 5 | D49: 46083 | E49: Base avanzada | F49: Bici | G49: Bici indoor – Z2 | H49: Base | I49: 60 | L49: Z2 (115–154W) | M49: Z2 estable. Cadencia 85–95. Ventilación/ventilador. | N49: Hecho | O49: 51 | P49: 23.28 | V49: Strava 02/04/2026 – MyWhoosh - Al Wathba-L; 50:43; 23.28 km; +38 m. Asignado al hueco de marzo. | W49: =IF(OR($N49="Hecho",$N49="Parcial"),IF($O49="",0,$O49),0) -> 51
A50: 46085 | B50: Miércoles | C50: 5 | D50: 46083 | E50: Base avanzada | F50: Running | G50: Running – tempo | H50: Tempo | I50: 65 | L50: Z3 | M50: 15' Z2 + 2×12' Z3 (rec 4') + 10' suave + 4 strides opcional. | N50: Pendiente | W50: =IF(OR($N50="Hecho",$N50="Parcial"),IF($O50="",0,$O50),0) -> 0
A51: 46086 | B51: Jueves | C51: 5 | D51: 46083 | E51: Base avanzada | F51: Bici | G51: Bici indoor – sweet spot | H51: Umbral aeróbico | I51: 75 | L51: 175–185W | M51: 10' Z2 + 3×10' sweet spot (rec 5') + 10' suave. | N51: Hecho | O51: 72 | P51: 30.12 | V51: Strava 05/04/2026 – MyWhoosh - City Reef Park; 1:12:08; 30.12 km; +183 m. Asignado al hueco de marzo. | W51: =IF(OR($N51="Hecho",$N51="Parcial"),IF($O51="",0,$O51),0) -> 72
A52: 46086 | B52: Jueves | C52: 5 | D52: 46083 | E52: Base avanzada | F52: Running | G52: Brick run – Z2 | H52: Base | I52: 20 | L52: Z2 | M52: Muy controlado; primer 5' muy suave. | N52: Hecho | O52: 20 | P52: 3.45 | V52: Strava 02/04/2026 – Morning Run; 20:01; 3.45 km; +13 m; esfuerzo relativo 26. Asignado al hueco de marzo. | W52: =IF(OR($N52="Hecho",$N52="Parcial"),IF($O52="",0,$O52),0) -> 20
A53: 46087 | B53: Viernes | C53: 5 | D53: 46083 | E53: Base avanzada | F53: Natación | G53: Natación – simulación aguas abiertas (piscina) | H53: Aguas abiertas sim | I53: 45 | J53: 1800 | K53: m | L53: Z2 | M53: Continuo 1.5–1.8 km con 6–8 'sighting' cada 100–200m. | N53: Hecho | O53: 48 | P53: 1025 | V53: Strava 04/04/2026 – Morning Swim; 48:15; 1,025 m; esfuerzo relativo 7. Asignado al hueco de marzo. | W53: =IF(OR($N53="Hecho",$N53="Parcial"),IF($O53="",0,$O53),0) -> 48
A54: 46087 | B54: Viernes | C54: 5 | D54: 46083 | E54: Base avanzada | F54: Fuerza | G54: Fuerza tren superior | H54: Fuerza | I54: 35 | L54: RPE 7–8 | M54: Empuje/tiron + core: press, remos, face pulls, planchas. Sin fatigar demasiado. | N54: Pendiente | W54: =IF(OR($N54="Hecho",$N54="Parcial"),IF($O54="",0,$O54),0) -> 0
A55: 46088 | B55: Sábado | C55: 5 | D55: 46083 | E55: Base avanzada | F55: Running | G55: Running largo – Z2 | H55: Base | I55: 95 | L55: Z2 | M55: Terreno plano. Conversacional. Técnica y economía. | N55: Hecho | O55: 90 | P55: 12.81 | V55: Strava 03/04/2026 – Morning Run; 1:30:00; 12.81 km; +51 m; esfuerzo relativo 40. Asignado al hueco de marzo. | W55: =IF(OR($N55="Hecho",$N55="Parcial"),IF($O55="",0,$O55),0) -> 90
A56: 46089 | B56: Domingo | C56: 5 | D56: 46083 | E56: Base avanzada | F56: Bici | G56: Bici larga – Z2 + Z3 | H56: Tempo | I56: 210 | L56: Z2 + 2×12' Z3 | M56: Z2 + 2×12' Z3 (rec 8'). Nutrición 70g CH/h. | N56: Pendiente | W56: =IF(OR($N56="Hecho",$N56="Parcial"),IF($O56="",0,$O56),0) -> 0
A57: 46090 | B57: Lunes | C57: 6 | D57: 46090 | E57: Base avanzada | F57: Fuerza | G57: Fuerza tren inferior | H57: Fuerza | I57: 45 | L57: RPE 7–8 | M57: Sentadilla 4×4, RDL 3×5, step-ups 3×6/lad, core. Sin fallo. | N57: Hecho | O57: 32 | V57: Strava 06/04/2026 – Evening Weight Training; 32:01; esfuerzo relativo 3. Asignado al hueco de marzo. | W57: =IF(OR($N57="Hecho",$N57="Parcial"),IF($O57="",0,$O57),0) -> 32
A58: 46090 | B58: Lunes | C58: 6 | D58: 46090 | E58: Base avanzada | F58: Running | G58: Z2 fácil (técnica) | H58: Base | I58: 40 | L58: Z2 | M58: Conversacional. Control de deriva. Cadencia 170–180. | N58: Hecho | O58: 40 | P58: 5.56 | V58: Strava 06/04/2026 – Evening Run; 40:02; 5.56 km; esfuerzo relativo 9. Asignado al hueco de marzo. | W58: =IF(OR($N58="Hecho",$N58="Parcial"),IF($O58="",0,$O58),0) -> 40
A59: 46091 | B59: Martes | C59: 6 | D59: 46090 | E59: Base avanzada | F59: Natación | G59: Natación – calidad técnica/CSS | H59: Calidad | I59: 45 | J59: 2000 | K59: m | L59: Z2→CSS | M59: 300 suave + 6×50 técnica + 10×100 @CSS (20" rec) + 200 suave | N59: Pendiente | W59: =IF(OR($N59="Hecho",$N59="Parcial"),IF($O59="",0,$O59),0) -> 0
A60: 46091 | B60: Martes | C60: 6 | D60: 46090 | E60: Base avanzada | F60: Bici | G60: Bici indoor – Z2 | H60: Base | I60: 60 | L60: Z2 (115–154W) | M60: Z2 estable. Cadencia 85–95. Ventilación/ventilador. | N60: Hecho | O60: 30 | P60: 13.91 | V60: Strava 07/04/2026 – MyWhoosh - Coffee Trail; 30:10; 13.91 km; +14 m; esfuerzo relativo 4. Asignado al hueco de marzo. | W60: =IF(OR($N60="Hecho",$N60="Parcial"),IF($O60="",0,$O60),0) -> 30
A61: 46092 | B61: Miércoles | C61: 6 | D61: 46090 | E61: Base avanzada | F61: Running | G61: Running – tempo sostenido | H61: Tempo | I61: 70 | L61: Z3 | M61: 15' Z2 + 3×10' Z3 (rec 3') + 10' suave. | N61: Hecho | O61: 43 | P61: 6.38 | V61: Strava 08/04/2026 – Morning Run; 42:40; 6.38 km; +31 m; esfuerzo relativo 12. Asignado al hueco de marzo. | W61: =IF(OR($N61="Hecho",$N61="Parcial"),IF($O61="",0,$O61),0) -> 43
A62: 46093 | B62: Jueves | C62: 6 | D62: 46090 | E62: Base avanzada | F62: Bici | G62: Bici indoor – sweet spot | H62: Umbral aeróbico | I62: 75 | L62: 175–188W | M62: 10' Z2 + 2×15' sweet spot (rec 6') + 10' suave. | N62: Hecho | O62: 60 | P62: 26.32 | V62: Strava 09/04/2026 – MyWhoosh - Al Wathba-L; 59:50; 26.32 km; +41 m; esfuerzo relativo 11. Asignado al hueco de marzo. | W62: =IF(OR($N62="Hecho",$N62="Parcial"),IF($O62="",0,$O62),0) -> 60
A63: 46093 | B63: Jueves | C63: 6 | D63: 46090 | E63: Base avanzada | F63: Running | G63: Brick run – Z2 | H63: Base | I63: 20 | L63: Z2 | M63: Muy controlado; primer 5' muy suave. | N63: Pendiente | W63: =IF(OR($N63="Hecho",$N63="Parcial"),IF($O63="",0,$O63),0) -> 0
A64: 46094 | B64: Viernes | C64: 6 | D64: 46090 | E64: Base avanzada | F64: Natación | G64: Natación – simulación aguas abiertas (piscina) | H64: Aguas abiertas sim | I64: 45 | J64: 1800 | K64: m | L64: Z2 | M64: Continuo 1.5–1.8 km con 6–8 'sighting' cada 100–200m. | N64: Hecho | O64: 32 | P64: 1500 | V64: Strava 11/04/2026 – Lunch Swim; 32:17; 1,500 m; esfuerzo relativo 22. Asignado al hueco de marzo. | W64: =IF(OR($N64="Hecho",$N64="Parcial"),IF($O64="",0,$O64),0) -> 32
A65: 46094 | B65: Viernes | C65: 6 | D65: 46090 | E65: Base avanzada | F65: Fuerza | G65: Fuerza tren superior | H65: Fuerza | I65: 35 | L65: RPE 7–8 | M65: Empuje/tiron + core: press, remos, face pulls, planchas. Sin fatigar demasiado. | N65: Hecho | O65: 51 | V65: Strava 10/04/2026 – Afternoon Weight Training; 50:38; esfuerzo relativo 4. Asignado al hueco de marzo. | W65: =IF(OR($N65="Hecho",$N65="Parcial"),IF($O65="",0,$O65),0) -> 51
A66: 46095 | B66: Sábado | C66: 6 | D66: 46090 | E66: Base avanzada | F66: Running | G66: Running largo – Z2 | H66: Base | I66: 100 | L66: Z2 (Z3 si FC estable) | M66: Z2. Solo si deriva controlada: últimos 10' Z3 suave. | N66: Hecho | O66: 83 | P66: 13.15 | V66: Strava 11/04/2026 – Morning Run; 1:22:43; 13.15 km; +40 m; esfuerzo relativo 40. Asignado al hueco de marzo. | W66: =IF(OR($N66="Hecho",$N66="Parcial"),IF($O66="",0,$O66),0) -> 83
A67: 46096 | B67: Domingo | C67: 6 | D67: 46090 | E67: Base avanzada | F67: Bici | G67: Bici larga – Z2 + Z3 | H67: Tempo | I67: 220 | L67: Z2 + 3×10' Z3 | M67: Z2 + 3×10' Z3 (rec 6'). | N67: Hecho | O67: 196 | P67: 92.1 | V67: Strava 12/04/2026 – ZZ-3; 3:16:27; 92.10 km; +612 m; esfuerzo relativo 97. Asignado al hueco de marzo. | W67: =IF(OR($N67="Hecho",$N67="Parcial"),IF($O67="",0,$O67),0) -> 196
A68: 46097 | B68: Lunes | C68: 7 | D68: 46097 | E68: Mini‑taper (pre‑olímpico) | F68: Fuerza | G68: Fuerza tren inferior | H68: Fuerza | I68: 45 | L68: RPE 7–8 | M68: Sentadilla 4×4, RDL 3×5, step-ups 3×6/lad, core. Sin fallo. | N68: Pendiente | W68: =IF(OR($N68="Hecho",$N68="Parcial"),IF($O68="",0,$O68),0) -> 0
A69: 46097 | B69: Lunes | C69: 7 | D69: 46097 | E69: Mini‑taper (pre‑olímpico) | F69: Running | G69: Z2 fácil (técnica) | H69: Base | I69: 30 | L69: Z2 | M69: Conversacional. Control de deriva. Cadencia 170–180. | N69: Hecho | O69: 40 | P69: 5.65 | V69: Strava 13/04/2026 – Recover z1; 40:00; 5.65 km; esfuerzo relativo 7. Asignado al hueco de marzo. | W69: =IF(OR($N69="Hecho",$N69="Parcial"),IF($O69="",0,$O69),0) -> 40
A70: 46098 | B70: Martes | C70: 7 | D70: 46097 | E70: Mini‑taper (pre‑olímpico) | F70: Natación | G70: Natación – activación | H70: Activación | I70: 35 | J70: 1400 | K70: m | L70: Z1–Z2 | M70: Técnica + 6×50 alegres (20" rec). | N70: Pendiente | W70: =IF(OR($N70="Hecho",$N70="Parcial"),IF($O70="",0,$O70),0) -> 0
A71: 46098 | B71: Martes | C71: 7 | D71: 46097 | E71: Mini‑taper (pre‑olímpico) | F71: Bici | G71: Bici indoor – Z2 | H71: Activación | I71: 45 | L71: Z2 | M71: Suave. | N71: Hecho | O71: 40 | P71: 0 | V71: Strava 15/04/2026 – Morning Ride; 40:03; 0 km; esfuerzo relativo 5. Asignado al hueco de marzo. | W71: =IF(OR($N71="Hecho",$N71="Parcial"),IF($O71="",0,$O71),0) -> 40
A72: 46099 | B72: Miércoles | C72: 7 | D72: 46097 | E72: Mini‑taper (pre‑olímpico) | F72: Running | G72: Running – toques Z4 suave | H72: Activación | I72: 45 | L72: Z2 + Z4 suave | M72: 15' Z2 + 4×4' Z4 suave (rec 3') + 10' suave. No destruirte. | N72: Pendiente | W72: =IF(OR($N72="Hecho",$N72="Parcial"),IF($O72="",0,$O72),0) -> 0
A73: 46100 | B73: Jueves | C73: 7 | D73: 46097 | E73: Mini‑taper (pre‑olímpico) | F73: Bici | G73: Bici indoor – Z2 | H73: Activación | I73: 55 | L73: Z2 | M73: Sin sweet spot. | N73: Hecho | O73: 60 | P73: 26 | V73: Strava 19/04/2026 – MyWhoosh - Area 52; 1:00:16; 26.00 km; +173 m; esfuerzo relativo 12. Asignado al hueco de marzo. | W73: =IF(OR($N73="Hecho",$N73="Parcial"),IF($O73="",0,$O73),0) -> 60
A74: 46100 | B74: Jueves | C74: 7 | D74: 46097 | E74: Mini‑taper (pre‑olímpico) | F74: Running | G74: Brick run – Z2 | H74: Activación | I74: 15 | L74: Z2 | M74: Corto. | N74: Hecho | O74: 19 | P74: 3.96 | V74: Strava 16/04/2026 – Morning Run; 19:29; 3.96 km; +10 m; esfuerzo relativo 31. Asignado al hueco de marzo. | W74: =IF(OR($N74="Hecho",$N74="Parcial"),IF($O74="",0,$O74),0) -> 19
A75: 46101 | B75: Viernes | C75: 7 | D75: 46097 | E75: Mini‑taper (pre‑olímpico) | F75: Natación | G75: Natación – suave | H75: Activación | I75: 30 | J75: 1200 | K75: m | L75: Z1–Z2 | M75: Continuo suave. | N75: Parcial | O75: 3 | P75: 108 | V75: Strava 18/04/2026 – Afternoon Swim; 3:08; 108 m; esfuerzo relativo 0. Asignado al hueco de marzo como parcial. | W75: =IF(OR($N75="Hecho",$N75="Parcial"),IF($O75="",0,$O75),0) -> 3
A76: 46101 | B76: Viernes | C76: 7 | D76: 46097 | E76: Mini‑taper (pre‑olímpico) | F76: Fuerza | G76: Fuerza tren superior | H76: Fuerza | I76: 35 | L76: RPE 7–8 | M76: Empuje/tiron + core: press, remos, face pulls, planchas. Sin fatigar demasiado. | N76: Pendiente | W76: =IF(OR($N76="Hecho",$N76="Parcial"),IF($O76="",0,$O76),0) -> 0
A77: 46102 | B77: Sábado | C77: 7 | D77: 46097 | E77: Mini‑taper (pre‑olímpico) | F77: Running | G77: Running – Z2 con strides | H77: Activación | I77: 60 | L77: Z2 + strides | M77: 45' Z2 + 4×20" strides. | N77: Hecho | O77: 34 | P77: 0.03 | V77: Strava 19/04/2026 – Evening Run; 33:55; 0.03 km; esfuerzo relativo 2. Asignado al hueco de marzo. | W77: =IF(OR($N77="Hecho",$N77="Parcial"),IF($O77="",0,$O77),0) -> 34
A78: 46103 | B78: Domingo | C78: 7 | D78: 46097 | E78: Mini‑taper (pre‑olímpico) | F78: Bici | G78: Bici – Z2 | H78: Activación | I78: 120 | L78: Z2 | M78: 90–120' fácil. | N78: Pendiente | W78: =IF(OR($N78="Hecho",$N78="Parcial"),IF($O78="",0,$O78),0) -> 0
A79: 46104 | B79: Lunes | C79: 8 | D79: 46104 | E79: Carrera Olímpico (25‑Mar) | F79: Fuerza | G79: Fuerza tren inferior (ligera) | H79: Activación | I79: 30 | L79: RPE 6 | M79: 2×3 sentadilla ligera, 2×4 RDL, movilidad. Sin fatiga. | N79: Pendiente | W79: =IF(OR($N79="Hecho",$N79="Parcial"),IF($O79="",0,$O79),0) -> 0
A80: 46104 | B80: Lunes | C80: 8 | D80: 46104 | E80: Carrera Olímpico (25‑Mar) | F80: Running | G80: Trote Z2 muy fácil | H80: Activación | I80: 30 | L80: Z1–Z2 | M80: Soltar, control de FC. | N80: Hecho | O80: 35 | P80: 6.24 | V80: Strava 17/04/2026 – Morning Run; 35:00; 6.24 km; +8 m; esfuerzo relativo 28. Asignado al hueco de marzo. | W80: =IF(OR($N80="Hecho",$N80="Parcial"),IF($O80="",0,$O80),0) -> 35
A81: 46105 | B81: Martes | C81: 8 | D81: 46104 | E81: Carrera Olímpico (25‑Mar) | F81: Natación | G81: Natación suave (activación) | H81: Activación | I81: 35 | J81: 1400 | K81: m | L81: Z1–Z2 | M81: Técnica + 4×50 alegres. | N81: Pendiente | W81: =IF(OR($N81="Hecho",$N81="Parcial"),IF($O81="",0,$O81),0) -> 0
A82: 46105 | B82: Martes | C82: 8 | D82: 46104 | E82: Carrera Olímpico (25‑Mar) | F82: Bici | G82: Bici indoor Z2 (abre piernas) | H82: Activación | I82: 40 | L82: Z2 | M82: Muy controlado. 3×1' a race power opcional. | N82: Pendiente | W82: =IF(OR($N82="Hecho",$N82="Parcial"),IF($O82="",0,$O82),0) -> 0
A83: 46106 | B83: Miércoles | C83: 8 | D83: 46104 | E83: Carrera Olímpico (25‑Mar) | F83: Carrera | G83: TRIATLÓN OLÍMPICO (B‑race) | H83: Competencia | I83: 150 | L83: RPE 9 | M83: Ejecuta pacing. No “morir” en el run. Registra tiempos parciales. | N83: Reprogramado | V83: Prueba real registrada en fecha exacta 26/04/2026 en la fila del 26/04; no duplicada. | W83: =IF(OR($N83="Hecho",$N83="Parcial"),IF($O83="",0,$O83),0) -> 0
A84: 46107 | B84: Jueves | C84: 8 | D84: 46104 | E84: Carrera Olímpico (25‑Mar) | F84: Recuperación | G84: Descanso / movilidad | H84: Recuperación | I84: 30 | L84: Z0 | M84: Movilidad + caminata ligera. Si estás bien: 20' bici muy suave. | N84: Pendiente | W84: =IF(OR($N84="Hecho",$N84="Parcial"),IF($O84="",0,$O84),0) -> 0
A85: 46108 | B85: Viernes | C85: 8 | D85: 46104 | E85: Carrera Olímpico (25‑Mar) | F85: Natación | G85: Natación suave | H85: Recuperación | I85: 40 | J85: 1500 | K85: m | L85: Z1–Z2 | M85: Continuo fácil. | N85: Pendiente | W85: =IF(OR($N85="Hecho",$N85="Parcial"),IF($O85="",0,$O85),0) -> 0
A86: 46108 | B86: Viernes | C86: 8 | D86: 46104 | E86: Carrera Olímpico (25‑Mar) | F86: Fuerza | G86: Fuerza tren superior (ligera) | H86: Recuperación | I86: 30 | L86: RPE 6 | M86: Mantenimiento. Sin agujetas. | N86: Pendiente | W86: =IF(OR($N86="Hecho",$N86="Parcial"),IF($O86="",0,$O86),0) -> 0
A87: 46109 | B87: Sábado | C87: 8 | D87: 46104 | E87: Carrera Olímpico (25‑Mar) | F87: Running | G87: Running Z2 | H87: Base | I87: 70 | L87: Z2 | M87: Volver a la base. Conversacional. | N87: Pendiente | W87: =IF(OR($N87="Hecho",$N87="Parcial"),IF($O87="",0,$O87),0) -> 0
A88: 46110 | B88: Domingo | C88: 8 | D88: 46104 | E88: Carrera Olímpico (25‑Mar) | F88: Bici | G88: Bici Z2 | H88: Base | I88: 150 | L88: Z2 | M88: Sin Z3. Recuperación activa. | N88: Pendiente | W88: =IF(OR($N88="Hecho",$N88="Parcial"),IF($O88="",0,$O88),0) -> 0
A89: 46111 | B89: Lunes | C89: 9 | D89: 46111 | E89: Build 1 | F89: Fuerza | G89: Fuerza tren inferior | H89: Fuerza | I89: 45 | K89: Martes | L89: RPE 7–8 | M89: Sentadilla 4×4, RDL 3×5, step-ups 3×6/lad, core. Sin fallo. | N89: hecho | O89: 30 | W89: =IF(OR($N89="Hecho",$N89="Parcial"),IF($O89="",0,$O89),0) -> 30
A90: 46111 | B90: Lunes | C90: 9 | D90: 46111 | E90: Build 1 | F90: Running | G90: Z2 fácil (técnica) | H90: Base | I90: 40 | K90: Lunes | L90: Z2 | M90: Conversacional. Control de deriva. Cadencia 170–180. | N90: hecho | O90: 51 | P90: 8.29 | R90: 147 | S90: 181 | V90: fartlek | W90: =IF(OR($N90="Hecho",$N90="Parcial"),IF($O90="",0,$O90),0) -> 51
A91: 46112 | B91: Martes | C91: 9 | D91: 46111 | E91: Build 1 | F91: Natación | G91: Natación – calidad técnica/CSS | H91: Calidad | I91: 45 | J91: 2000 | K91: Lunes | L91: Z2→CSS | M91: 300 suave + 6×50 técnica + 10×100 @CSS (20" rec) + 200 suave | N91: Pendiente | W91: =IF(OR($N91="Hecho",$N91="Parcial"),IF($O91="",0,$O91),0) -> 0
A92: 46112 | B92: Martes | C92: 9 | D92: 46111 | E92: Build 1 | F92: Bici | G92: Bici indoor – Z2 | H92: Base | I92: 60 | K92: Martes | L92: Z2 (115–154W) | M92: Z2 estable. Cadencia 85–95. Ventilación/ventilador. | N92: hecho | O92: 60 | P92: 26.35 | R92: 111 | S92: 135 | T92: 112 | W92: =IF(OR($N92="Hecho",$N92="Parcial"),IF($O92="",0,$O92),0) -> 60
A93: 46113 | B93: Miércoles | C93: 9 | D93: 46111 | E93: Build 1 | F93: Running | G93: Running – tempo | H93: Tempo | I93: 70 | K93: Miercoles | L93: Z3 | M93: 15' Z2 + 3×10' Z3 (rec 3') + 10' suave. | N93: hecho | O93: 65 | P93: 10.59 | R93: 140 | S93: 159 | W93: =IF(OR($N93="Hecho",$N93="Parcial"),IF($O93="",0,$O93),0) -> 65
A94: 46114 | B94: Jueves | C94: 9 | D94: 46111 | E94: Build 1 | F94: Bici | G94: Bici indoor – sweet spot | H94: Umbral aeróbico | I94: 75 | K94: Jueves | L94: 175–188W | M94: 10' Z2 + 3×12' sweet spot (rec 5') + 10' suave. | N94: hecho | O94: 60 | P94: 26.21 | R94: 137 | S94: 169 | T94: 140 | W94: =IF(OR($N94="Hecho",$N94="Parcial"),IF($O94="",0,$O94),0) -> 60
A95: 46114 | B95: Jueves | C95: 9 | D95: 46111 | E95: Build 1 | F95: Running | G95: Brick run – Z2 | H95: Base | I95: 25 | K95: Jueves | L95: Z2 | M95: Muy controlado; primer 5' muy suave. | N95: hecho | O95: 27 | P95: 4.14 | R95: 149 | S95: 163 | W95: =IF(OR($N95="Hecho",$N95="Parcial"),IF($O95="",0,$O95),0) -> 27
A96: 46115 | B96: Viernes | C96: 9 | D96: 46111 | E96: Build 1 | F96: Natación | G96: Natación – simulación aguas abiertas (piscina) | H96: Aguas abiertas sim | I96: 45 | J96: 1800 | K96: Viernes | L96: Z2 | M96: Continuo 1.5–1.8 km con 6–8 'sighting' cada 100–200m. | N96: Pendiente | W96: =IF(OR($N96="Hecho",$N96="Parcial"),IF($O96="",0,$O96),0) -> 0
A97: 46115 | B97: Viernes | C97: 9 | D97: 46111 | E97: Build 1 | F97: Fuerza | G97: Fuerza tren superior | H97: Fuerza | I97: 35 | K97: Viernes | L97: RPE 7–8 | M97: Empuje/tiron + core: press, remos, face pulls, planchas. Sin fatigar demasiado. | N97: Pendiente | W97: =IF(OR($N97="Hecho",$N97="Parcial"),IF($O97="",0,$O97),0) -> 0
A98: 46116 | B98: Sábado | C98: 9 | D98: 46111 | E98: Build 1 | F98: Running | G98: Running largo – Z2 | H98: Base | I98: 105 | K98: Sabado | L98: Z2 | M98: Terreno plano. Conversacional. Técnica y economía. | N98: hecho | O98: 40 | P98: 6.64 | R98: 145 | S98: 161 | W98: =IF(OR($N98="Hecho",$N98="Parcial"),IF($O98="",0,$O98),0) -> 40
A99: 46117 | B99: Domingo | C99: 9 | D99: 46111 | E99: Build 1 | F99: Bici | G99: Bici larga – Z2 + Z3 | H99: Tempo | I99: 220 | K99: Domingo | L99: Z2 + 2×15' Z3 | M99: Z2 + 2×15' Z3 (rec 8'). | N99: hecho | O99: 180 | P99: 92.13 | R99: 152 | S99: 168 | T99: 132 | W99: =IF(OR($N99="Hecho",$N99="Parcial"),IF($O99="",0,$O99),0) -> 180
A100: 46118 | B100: Lunes | C100: 10 | D100: 46118 | E100: Build 1 | F100: Fuerza | G100: Fuerza tren inferior | H100: Fuerza | I100: 45 | L100: RPE 7–8 | M100: Sentadilla 4×4, RDL 3×5, step-ups 3×6/lad, core. Sin fallo. | N100: hecho | O100: 41 | R100: 87 | S100: 120 | W100: =IF(OR($N100="Hecho",$N100="Parcial"),IF($O100="",0,$O100),0) -> 41
...

Sheet Semanas
A1: Semana | B1: Inicio | C1: Fin | D1: Fase | E1: Horas plan | F1: Horas plan Nat | G1: Horas plan Bici | H1: Horas plan Run | I1: Horas plan Fuerza | J1: Horas reales | K1: Horas reales Nat | L1: Horas reales Bici | M1: Horas reales Run | N1: Horas reales Fuerza | O1: % cumplimiento
A2: 1 | B2: 46055 | C2: 46061 | D2: Base específica (semana 1) | E2: =SUMIFS('Plan diario'!$I$2:$I$295,'Plan diario'!$D$2:$D$295,$B2)/60 -> 11.083333 | F2: =SUMIFS('Plan diario'!$I$2:$I$295,'Plan diario'!$D$2:$D$295,$B2,'Plan diario'!$F$2:$F$295,"Natación")/60 -> 1.5 | G2: =SUMIFS('Plan diario'!$I$2:$I$295,'Plan diario'!$D$2:$D$295,$B2,'Plan diario'!$F$2:$F$295,"Bici")/60 -> 5.1666667 | H2: =SUMIFS('Plan diario'!$I$2:$I$295,'Plan diario'!$D$2:$D$295,$B2,'Plan diario'!$F$2:$F$295,"Running")/60 -> 3.0833333 | I2: =SUMIFS('Plan diario'!$I$2:$I$295,'Plan diario'!$D$2:$D$295,$B2,'Plan diario'!$F$2:$F$295,"Fuerza")/60 -> 1.3333333 | J2: =SUMIFS('Plan diario'!$W$2:$W$295,'Plan diario'!$D$2:$D$295,$B2)/60 -> 8.8666667 | K2: =SUMIFS('Plan diario'!$W$2:$W$295,'Plan diario'!$D$2:$D$295,$B2,'Plan diario'!$F$2:$F$295,"Natación")/60 -> 1.4333333 | L2: =SUMIFS('Plan diario'!$W$2:$W$295,'Plan diario'!$D$2:$D$295,$B2,'Plan diario'!$F$2:$F$295,"Bici")/60 -> 4.3333333 | M2: =SUMIFS('Plan diario'!$W$2:$W$295,'Plan diario'!$D$2:$D$295,$B2,'Plan diario'!$F$2:$F$295,"Running")/60 -> 2.35 | N2: =SUMIFS('Plan diario'!$W$2:$W$295,'Plan diario'!$D$2:$D$295,$B2,'Plan diario'!$F$2:$F$295,"Fuerza")/60 -> 0.75 | O2: =IF($E2=0,"",$J2/$E2) -> 0.8
A3: 2 | B3: 46062 | C3: 46068 | D3: Base específica (semana 2) | E3: =SUMIFS('Plan diario'!$I$2:$I$295,'Plan diario'!$D$2:$D$295,$B3)/60 -> 11.5 | F3: =SUMIFS('Plan diario'!$I$2:$I$295,'Plan diario'!$D$2:$D$295,$B3,'Plan diario'!$F$2:$F$295,"Natación")/60 -> 1.5 | G3: =SUMIFS('Plan diario'!$I$2:$I$295,'Plan diario'!$D$2:$D$295,$B3,'Plan diario'!$F$2:$F$295,"Bici")/60 -> 5.5 | H3: =SUMIFS('Plan diario'!$I$2:$I$295,'Plan diario'!$D$2:$D$295,$B3,'Plan diario'!$F$2:$F$295,"Running")/60 -> 3.1666667 | I3: =SUMIFS('Plan diario'!$I$2:$I$295,'Plan diario'!$D$2:$D$295,$B3,'Plan diario'!$F$2:$F$295,"Fuerza")/60 -> 1.3333333 | J3: =SUMIFS('Plan diario'!$W$2:$W$295,'Plan diario'!$D$2:$D$295,$B3)/60 -> 6.3666667 | K3: =SUMIFS('Plan diario'!$W$2:$W$295,'Plan diario'!$D$2:$D$295,$B3,'Plan diario'!$F$2:$F$295,"Natación")/60 -> 0.65 | L3: =SUMIFS('Plan diario'!$W$2:$W$295,'Plan diario'!$D$2:$D$295,$B3,'Plan diario'!$F$2:$F$295,"Bici")/60 -> 1.8333333 | M3: =SUMIFS('Plan diario'!$W$2:$W$295,'Plan diario'!$D$2:$D$295,$B3,'Plan diario'!$F$2:$F$295,"Running")/60 -> 3.3833333 | N3: =SUMIFS('Plan diario'!$W$2:$W$295,'Plan diario'!$D$2:$D$295,$B3,'Plan diario'!$F$2:$F$295,"Fuerza")/60 -> 0.5 | O3: =IF($E3=0,"",$J3/$E3) -> 0.55362319
A4: 3 | B4: 46069 | C4: 46075 | D4: Base específica (semana 3) | E4: =SUMIFS('Plan diario'!$I$2:$I$295,'Plan diario'!$D$2:$D$295,$B4)/60 -> 11.833333 | F4: =SUMIFS('Plan diario'!$I$2:$I$295,'Plan diario'!$D$2:$D$295,$B4,'Plan diario'!$F$2:$F$295,"Natación")/60 -> 1.5 | G4: =SUMIFS('Plan diario'!$I$2:$I$295,'Plan diario'!$D$2:$D$295,$B4,'Plan diario'!$F$2:$F$295,"Bici")/60 -> 5.5 | H4: =SUMIFS('Plan diario'!$I$2:$I$295,'Plan diario'!$D$2:$D$295,$B4,'Plan diario'!$F$2:$F$295,"Running")/60 -> 3.5 | I4: =SUMIFS('Plan diario'!$I$2:$I$295,'Plan diario'!$D$2:$D$295,$B4,'Plan diario'!$F$2:$F$295,"Fuerza")/60 -> 1.3333333 | J4: =SUMIFS('Plan diario'!$W$2:$W$295,'Plan diario'!$D$2:$D$295,$B4)/60 -> 9.5166667 | K4: =SUMIFS('Plan diario'!$W$2:$W$295,'Plan diario'!$D$2:$D$295,$B4,'Plan diario'!$F$2:$F$295,"Natación")/60 -> 0.85 | L4: =SUMIFS('Plan diario'!$W$2:$W$295,'Plan diario'!$D$2:$D$295,$B4,'Plan diario'!$F$2:$F$295,"Bici")/60 -> 4.6166667 | M4: =SUMIFS('Plan diario'!$W$2:$W$295,'Plan diario'!$D$2:$D$295,$B4,'Plan diario'!$F$2:$F$295,"Running")/60 -> 2.6666667 | N4: =SUMIFS('Plan diario'!$W$2:$W$295,'Plan diario'!$D$2:$D$295,$B4,'Plan diario'!$F$2:$F$295,"Fuerza")/60 -> 1.3833333 | O4: =IF($E4=0,"",$J4/$E4) -> 0.80422535
A5: 4 | B5: 46076 | C5: 46082 | D5: Descarga (-20–25%) | E5: =SUMIFS('Plan diario'!$I$2:$I$295,'Plan diario'!$D$2:$D$295,$B5)/60 -> 9.4166667 | F5: =SUMIFS('Plan diario'!$I$2:$I$295,'Plan diario'!$D$2:$D$295,$B5,'Plan diario'!$F$2:$F$295,"Natación")/60 -> 1.3333333 | G5: =SUMIFS('Plan diario'!$I$2:$I$295,'Plan diario'!$D$2:$D$295,$B5,'Plan diario'!$F$2:$F$295,"Bici")/60 -> 4.25 | H5: =SUMIFS('Plan diario'!$I$2:$I$295,'Plan diario'!$D$2:$D$295,$B5,'Plan diario'!$F$2:$F$295,"Running")/60 -> 2.5 | I5: =SUMIFS('Plan diario'!$I$2:$I$295,'Plan diario'!$D$2:$D$295,$B5,'Plan diario'!$F$2:$F$295,"Fuerza")/60 -> 1.3333333 | J5: =SUMIFS('Plan diario'!$W$2:$W$295,'Plan diario'!$D$2:$D$295,$B5)/60 -> 7.05 | K5: =SUMIFS('Plan diario'!$W$2:$W$295,'Plan diario'!$D$2:$D$295,$B5,'Plan diario'!$F$2:$F$295,"Natación")/60 -> 1.6666667 | L5: =SUMIFS('Plan diario'!$W$2:$W$295,'Plan diario'!$D$2:$D$295,$B5,'Plan diario'!$F$2:$F$295,"Bici")/60 -> 2.45 | M5: =SUMIFS('Plan diario'!$W$2:$W$295,'Plan diario'!$D$2:$D$295,$B5,'Plan diario'!$F$2:$F$295,"Running")/60 -> 1.7333333 | N5: =SUMIFS('Plan diario'!$W$2:$W$295,'Plan diario'!$D$2:$D$295,$B5,'Plan diario'!$F$2:$F$295,"Fuerza")/60 -> 1.2 | O5: =IF($E5=0,"",$J5/$E5) -> 0.74867257
A6: 5 | B6: 46083 | C6: 46089 | D6: Base avanzada | E6: =SUMIFS('Plan diario'!$I$2:$I$295,'Plan diario'!$D$2:$D$295,$B6)/60 -> 12.25 | F6: =SUMIFS('Plan diario'!$I$2:$I$295,'Plan diario'!$D$2:$D$295,$B6,'Plan diario'!$F$2:$F$295,"Natación")/60 -> 1.5 | G6: =SUMIFS('Plan diario'!$I$2:$I$295,'Plan diario'!$D$2:$D$295,$B6,'Plan diario'!$F$2:$F$295,"Bici")/60 -> 5.75 | H6: =SUMIFS('Plan diario'!$I$2:$I$295,'Plan diario'!$D$2:$D$295,$B6,'Plan diario'!$F$2:$F$295,"Running")/60 -> 3.6666667 | I6: =SUMIFS('Plan diario'!$I$2:$I$295,'Plan diario'!$D$2:$D$295,$B6,'Plan diario'!$F$2:$F$295,"Fuerza")/60 -> 1.3333333 | J6: =SUMIFS('Plan diario'!$W$2:$W$295,'Plan diario'!$D$2:$D$295,$B6)/60 -> 4.6833333 | K6: =SUMIFS('Plan diario'!$W$2:$W$295,'Plan diario'!$D$2:$D$295,$B6,'Plan diario'!$F$2:$F$295,"Natación")/60 -> 0.8 | L6: =SUMIFS('Plan diario'!$W$2:$W$295,'Plan diario'!$D$2:$D$295,$B6,'Plan diario'!$F$2:$F$295,"Bici")/60 -> 2.05 | M6: =SUMIFS('Plan diario'!$W$2:$W$295,'Plan diario'!$D$2:$D$295,$B6,'Plan diario'!$F$2:$F$295,"Running")/60 -> 1.8333333 | N6: =SUMIFS('Plan diario'!$W$2:$W$295,'Plan diario'!$D$2:$D$295,$B6,'Plan diario'!$F$2:$F$295,"Fuerza")/60 -> 0 | O6: =IF($E6=0,"",$J6/$E6) -> 0.38231293
A7: 6 | B7: 46090 | C7: 46096 | D7: Base avanzada | E7: =SUMIFS('Plan diario'!$I$2:$I$295,'Plan diario'!$D$2:$D$295,$B7)/60 -> 12.583333 | F7: =SUMIFS('Plan diario'!$I$2:$I$295,'Plan diario'!$D$2:$D$295,$B7,'Plan diario'!$F$2:$F$295,"Natación")/60 -> 1.5 | G7: =SUMIFS('Plan diario'!$I$2:$I$295,'Plan diario'!$D$2:$D$295,$B7,'Plan diario'!$F$2:$F$295,"Bici")/60 -> 5.9166667 | H7: =SUMIFS('Plan diario'!$I$2:$I$295,'Plan diario'!$D$2:$D$295,$B7,'Plan diario'!$F$2:$F$295,"Running")/60 -> 3.8333333 | I7: =SUMIFS('Plan diario'!$I$2:$I$295,'Plan diario'!$D$2:$D$295,$B7,'Plan diario'!$F$2:$F$295,"Fuerza")/60 -> 1.3333333 | J7: =SUMIFS('Plan diario'!$W$2:$W$295,'Plan diario'!$D$2:$D$295,$B7)/60 -> 9.45 | K7: =SUMIFS('Plan diario'!$W$2:$W$295,'Plan diario'!$D$2:$D$295,$B7,'Plan diario'!$F$2:$F$295,"Natación")/60 -> 0.53333333 | L7: =SUMIFS('Plan diario'!$W$2:$W$295,'Plan diario'!$D$2:$D$295,$B7,'Plan diario'!$F$2:$F$295,"Bici")/60 -> 4.7666667 | M7: =SUMIFS('Plan diario'!$W$2:$W$295,'Plan diario'!$D$2:$D$295,$B7,'Plan diario'!$F$2:$F$295,"Running")/60 -> 2.7666667 | N7: =SUMIFS('Plan diario'!$W$2:$W$295,'Plan diario'!$D$2:$D$295,$B7,'Plan diario'!$F$2:$F$295,"Fuerza")/60 -> 1.3833333 | O7: =IF($E7=0,"",$J7/$E7) -> 0.75099338
A8: 7 | B8: 46097 | C8: 46103 | D8: Mini‑taper (pre‑olímpico) | E8: =SUMIFS('Plan diario'!$I$2:$I$295,'Plan diario'!$D$2:$D$295,$B8)/60 -> 8.5833333 | F8: =SUMIFS('Plan diario'!$I$2:$I$295,'Plan diario'!$D$2:$D$295,$B8,'Plan diario'!$F$2:$F$295,"Natación")/60 -> 1.0833333 | G8: =SUMIFS('Plan diario'!$I$2:$I$295,'Plan diario'!$D$2:$D$295,$B8,'Plan diario'!$F$2:$F$295,"Bici")/60 -> 3.6666667 | H8: =SUMIFS('Plan diario'!$I$2:$I$295,'Plan diario'!$D$2:$D$295,$B8,'Plan diario'!$F$2:$F$295,"Running")/60 -> 2.5 | I8: =SUMIFS('Plan diario'!$I$2:$I$295,'Plan diario'!$D$2:$D$295,$B8,'Plan diario'!$F$2:$F$295,"Fuerza")/60 -> 1.3333333 | J8: =SUMIFS('Plan diario'!$W$2:$W$295,'Plan diario'!$D$2:$D$295,$B8)/60 -> 3.2666667 | K8: =SUMIFS('Plan diario'!$W$2:$W$295,'Plan diario'!$D$2:$D$295,$B8,'Plan diario'!$F$2:$F$295,"Natación")/60 -> 0.05 | L8: =SUMIFS('Plan diario'!$W$2:$W$295,'Plan diario'!$D$2:$D$295,$B8,'Plan diario'!$F$2:$F$295,"Bici")/60 -> 1.6666667 | M8: =SUMIFS('Plan diario'!$W$2:$W$295,'Plan diario'!$D$2:$D$295,$B8,'Plan diario'!$F$2:$F$295,"Running")/60 -> 1.55 | N8: =SUMIFS('Plan diario'!$W$2:$W$295,'Plan diario'!$D$2:$D$295,$B8,'Plan diario'!$F$2:$F$295,"Fuerza")/60 -> 0 | O8: =IF($E8=0,"",$J8/$E8) -> 0.38058252
A9: 8 | B9: 46104 | C9: 46110 | D9: Carrera Olímpico (25‑Mar) | E9: =SUMIFS('Plan diario'!$I$2:$I$295,'Plan diario'!$D$2:$D$295,$B9)/60 -> 10.083333 | F9: =SUMIFS('Plan diario'!$I$2:$I$295,'Plan diario'!$D$2:$D$295,$B9,'Plan diario'!$F$2:$F$295,"Natación")/60 -> 1.25 | G9: =SUMIFS('Plan diario'!$I$2:$I$295,'Plan diario'!$D$2:$D$295,$B9,'Plan diario'!$F$2:$F$295,"Bici")/60 -> 3.1666667 | H9: =SUMIFS('Plan diario'!$I$2:$I$295,'Plan diario'!$D$2:$D$295,$B9,'Plan diario'!$F$2:$F$295,"Running")/60 -> 1.6666667 | I9: =SUMIFS('Plan diario'!$I$2:$I$295,'Plan diario'!$D$2:$D$295,$B9,'Plan diario'!$F$2:$F$295,"Fuerza")/60 -> 1 | J9: =SUMIFS('Plan diario'!$W$2:$W$295,'Plan diario'!$D$2:$D$295,$B9)/60 -> 0.58333333 | K9: =SUMIFS('Plan diario'!$W$2:$W$295,'Plan diario'!$D$2:$D$295,$B9,'Plan diario'!$F$2:$F$295,"Natación")/60 -> 0 | L9: =SUMIFS('Plan diario'!$W$2:$W$295,'Plan diario'!$D$2:$D$295,$B9,'Plan diario'!$F$2:$F$295,"Bici")/60 -> 0 | M9: =SUMIFS('Plan diario'!$W$2:$W$295,'Plan diario'!$D$2:$D$295,$B9,'Plan diario'!$F$2:$F$295,"Running")/60 -> 0.58333333 | N9: =SUMIFS('Plan diario'!$W$2:$W$295,'Plan diario'!$D$2:$D$295,$B9,'Plan diario'!$F$2:$F$295,"Fuerza")/60 -> 0 | O9: =IF($E9=0,"",$J9/$E9) -> 0.05785124
A10: 9 | B10: 46111 | C10: 46117 | D10: Build 1 | E10: =SUMIFS('Plan diario'!$I$2:$I$295,'Plan diario'!$D$2:$D$295,$B10)/60 -> 12.75 | F10: =SUMIFS('Plan diario'!$I$2:$I$295,'Plan diario'!$D$2:$D$295,$B10,'Plan diario'!$F$2:$F$295,"Natación")/60 -> 1.5 | G10: =SUMIFS('Plan diario'!$I$2:$I$295,'Plan diario'!$D$2:$D$295,$B10,'Plan diario'!$F$2:$F$295,"Bici")/60 -> 5.9166667 | H10: =SUMIFS('Plan diario'!$I$2:$I$295,'Plan diario'!$D$2:$D$295,$B10,'Plan diario'!$F$2:$F$295,"Running")/60 -> 4 | I10: =SUMIFS('Plan diario'!$I$2:$I$295,'Plan diario'!$D$2:$D$295,$B10,'Plan diario'!$F$2:$F$295,"Fuerza")/60 -> 1.3333333 | J10: =SUMIFS('Plan diario'!$W$2:$W$295,'Plan diario'!$D$2:$D$295,$B10)/60 -> 8.55 | K10: =SUMIFS('Plan diario'!$W$2:$W$295,'Plan diario'!$D$2:$D$295,$B10,'Plan diario'!$F$2:$F$295,"Natación")/60 -> 0 | L10: =SUMIFS('Plan diario'!$W$2:$W$295,'Plan diario'!$D$2:$D$295,$B10,'Plan diario'!$F$2:$F$295,"Bici")/60 -> 5 | M10: =SUMIFS('Plan diario'!$W$2:$W$295,'Plan diario'!$D$2:$D$295,$B10,'Plan diario'!$F$2:$F$295,"Running")/60 -> 3.05 | N10: =SUMIFS('Plan diario'!$W$2:$W$295,'Plan diario'!$D$2:$D$295,$B10,'Plan diario'!$F$2:$F$295,"Fuerza")/60 -> 0.5 | O10: =IF($E10=0,"",$J10/$E10) -> 0.67058824
A11: 10 | B11: 46118 | C11: 46124 | D11: Build 1 | E11: =SUMIFS('Plan diario'!$I$2:$I$295,'Plan diario'!$D$2:$D$295,$B11)/60 -> 13 | F11: =SUMIFS('Plan diario'!$I$2:$I$295,'Plan diario'!$D$2:$D$295,$B11,'Plan diario'!$F$2:$F$295,"Natación")/60 -> 1.5 | G11: =SUMIFS('Plan diario'!$I$2:$I$295,'Plan diario'!$D$2:$D$295,$B11,'Plan diario'!$F$2:$F$295,"Bici")/60 -> 6.1666667 | H11: =SUMIFS('Plan diario'!$I$2:$I$295,'Plan diario'!$D$2:$D$295,$B11,'Plan diario'!$F$2:$F$295,"Running")/60 -> 4 | I11: =SUMIFS('Plan diario'!$I$2:$I$295,'Plan diario'!$D$2:$D$295,$B11,'Plan diario'!$F$2:$F$295,"Fuerza")/60 -> 1.3333333 | J11: =SUMIFS('Plan diario'!$W$2:$W$295,'Plan diario'!$D$2:$D$295,$B11)/60 -> 10.6 | K11: =SUMIFS('Plan diario'!$W$2:$W$295,'Plan diario'!$D$2:$D$295,$B11,'Plan diario'!$F$2:$F$295,"Natación")/60 -> 0.61666667 | L11: =SUMIFS('Plan diario'!$W$2:$W$295,'Plan diario'!$D$2:$D$295,$B11,'Plan diario'!$F$2:$F$295,"Bici")/60 -> 5.4666667 | M11: =SUMIFS('Plan diario'!$W$2:$W$295,'Plan diario'!$D$2:$D$295,$B11,'Plan diario'!$F$2:$F$295,"Running")/60 -> 3.8333333 | N11: =SUMIFS('Plan diario'!$W$2:$W$295,'Plan diario'!$D$2:$D$295,$B11,'Plan diario'!$F$2:$F$295,"Fuerza")/60 -> 0.68333333 | O11: =IF($E11=0,"",$J11/$E11) -> 0.81538462
A12: 11 | B12: 46125 | C12: 46131 | D12: Build 1 | E12: =SUMIFS('Plan diario'!$I$2:$I$295,'Plan diario'!$D$2:$D$295,$B12)/60 -> 13.25 | F12: =SUMIFS('Plan diario'!$I$2:$I$295,'Plan diario'!$D$2:$D$295,$B12,'Plan diario'!$F$2:$F$295,"Natación")/60 -> 1.5 | G12: =SUMIFS('Plan diario'!$I$2:$I$295,'Plan diario'!$D$2:$D$295,$B12,'Plan diario'!$F$2:$F$295,"Bici")/60 -> 6.3333333 | H12: =SUMIFS('Plan diario'!$I$2:$I$295,'Plan diario'!$D$2:$D$295,$B12,'Plan diario'!$F$2:$F$295,"Running")/60 -> 4.0833333 | I12: =SUMIFS('Plan diario'!$I$2:$I$295,'Plan diario'!$D$2:$D$295,$B12,'Plan diario'!$F$2:$F$295,"Fuerza")/60 -> 1.3333333 | J12: =SUMIFS('Plan diario'!$W$2:$W$295,'Plan diario'!$D$2:$D$295,$B12)/60 -> 5.7833333 | K12: =SUMIFS('Plan diario'!$W$2:$W$295,'Plan diario'!$D$2:$D$295,$B12,'Plan diario'!$F$2:$F$295,"Natación")/60 -> 0.53333333 | L12: =SUMIFS('Plan diario'!$W$2:$W$295,'Plan diario'!$D$2:$D$295,$B12,'Plan diario'!$F$2:$F$295,"Bici")/60 -> 1 | M12: =SUMIFS('Plan diario'!$W$2:$W$295,'Plan diario'!$D$2:$D$295,$B12,'Plan diario'!$F$2:$F$295,"Running")/60 -> 3.5 | N12: =SUMIFS('Plan diario'!$W$2:$W$295,'Plan diario'!$D$2:$D$295,$B12,'Plan diario'!$F$2:$F$295,"Fuerza")/60 -> 0.75 | O12: =IF($E12=0,"",$J12/$E12) -> 0.43647799
A13: 12 | B13: 46132 | C13: 46138 | D13: Descarga | E13: =SUMIFS('Plan diario'!$I$2:$I$295,'Plan diario'!$D$2:$D$295,$B13)/60 -> 10.083333 | F13: =SUMIFS('Plan diario'!$I$2:$I$295,'Plan diario'!$D$2:$D$295,$B13,'Plan diario'!$F$2:$F$295,"Natación")/60 -> 1.3333333 | G13: =SUMIFS('Plan diario'!$I$2:$I$295,'Plan diario'!$D$2:$D$295,$B13,'Plan diario'!$F$2:$F$295,"Bici")/60 -> 1.9166667 | H13: =SUMIFS('Plan diario'!$I$2:$I$295,'Plan diario'!$D$2:$D$295,$B13,'Plan diario'!$F$2:$F$295,"Running")/60 -> 3 | I13: =SUMIFS('Plan diario'!$I$2:$I$295,'Plan diario'!$D$2:$D$295,$B13,'Plan diario'!$F$2:$F$295,"Fuerza")/60 -> 1.3333333 | J13: =SUMIFS('Plan diario'!$W$2:$W$295,'Plan diario'!$D$2:$D$295,$B13)/60 -> 4.0516667 | K13: =SUMIFS('Plan diario'!$W$2:$W$295,'Plan diario'!$D$2:$D$295,$B13,'Plan diario'!$F$2:$F$295,"Natación")/60 -> 0.53333333 | L13: =SUMIFS('Plan diario'!$W$2:$W$295,'Plan diario'!$D$2:$D$295,$B13,'Plan diario'!$F$2:$F$295,"Bici")/60 -> 0 | M13: =SUMIFS('Plan diario'!$W$2:$W$295,'Plan diario'!$D$2:$D$295,$B13,'Plan diario'!$F$2:$F$295,"Running")/60 -> 0 | N13: =SUMIFS('Plan diario'!$W$2:$W$295,'Plan diario'!$D$2:$D$295,$B13,'Plan diario'!$F$2:$F$295,"Fuerza")/60 -> 0.73333333 | O13: =IF($E13=0,"",$J13/$E13) -> 0.40181818
... A28: 27 | B28: 46237 | C28: 46243 | D28: Race week (70.3 Río) | E28: =SUMIFS('Plan diario'!$I$2:$I$295,'Plan diario'!$D$2:$D$295,$B28)/60 -> 9.0833333 | F28: =SUMIFS('Plan diario'!$I$2:$I$295,'Plan diario'!$D$2:$D$295,$B28,'Plan diario'!$F$2:$F$295,"Natación")/60 -> 1 | G28: =SUMIFS('Plan diario'!$I$2:$I$295,'Plan diario'!$D$2:$D$295,$B28,'Plan diario'!$F$2:$F$295,"Bici")/60 -> 1.0833333 | H28: =SUMIFS('Plan diario'!$I$2:$I$295,'Plan diario'!$D$2:$D$295,$B28,'Plan diario'!$F$2:$F$295,"Running")/60 -> 1.1666667 | I28: =SUMIFS('Plan diario'!$I$2:$I$295,'Plan diario'!$D$2:$D$295,$B28,'Plan diario'!$F$2:$F$295,"Fuerza")/60 -> 0 | J28: =SUMIFS('Plan diario'!$W$2:$W$295,'Plan diario'!$D$2:$D$295,$B28)/60 -> 0 | K28: =SUMIFS('Plan diario'!$W$2:$W$295,'Plan diario'!$D$2:$D$295,$B28,'Plan diario'!$F$2:$F$295,"Natación")/60 -> 0 | L28: =SUMIFS('Plan diario'!$W$2:$W$295,'Plan diario'!$D$2:$D$295,$B28,'Plan diario'!$F$2:$F$295,"Bici")/60 -> 0 | M28: =SUMIFS('Plan diario'!$W$2:$W$295,'Plan diario'!$D$2:$D$295,$B28,'Plan diario'!$F$2:$F$295,"Running")/60 -> 0 | N28: =SUMIFS('Plan diario'!$W$2:$W$295,'Plan diario'!$D$2:$D$295,$B28,'Plan diario'!$F$2:$F$295,"Fuerza")/60 -> 0 | O28: =IF($E28=0,"",$J28/$E28) -> 0

Sheet Tests & Resultados
A1: Fecha | B1: Prueba | C1: Resultado | D1: Unidad | E1: Notas
A2: 46054 | B2: 5K running | C2: 0.017037037 | D2: hh:mm:ss | E2: Mejor marca informada
A3: 46054 | B3: 10K running | C3: 0.037037037 | D3: hh:mm:ss | E3: Mejor marca informada
A4: 46054 | B4: 21K running | C4: 0.088888889 | D4: hh:mm:ss | E4: Mejor marca informada
A5: 46054 | B5: FTP bici | C5: 205 | D5: W | E5: Test FTP indoor (20')
A6: 46054 | B6: 1K natación | C6: 0.01369213 | D6: hh:mm:ss | E6: Piscina

Sheet Zonas & Notas
A1: Zonas (Bici) — basadas en FTP
A3: FTP (W) | B3: 205
A4: Z1 | B4: < 56% | C4: < 115 W
A5: Z2 | B5: 56–75% | C5: 115–154 W
A6: Z3 | B6: 76–90% | C6: 156–185 W
A7: Z4 | B7: 91–105% | C7: 187–215 W
A9: Regla deriva (running): | B9: Si en Z2 la FC sube >5–6% manteniendo ritmo similar → bajar ritmo / revisar calor, hidratación y fatiga.
A12: Nutrición base en bici (entrenos largos): | B12: 70–90 g CH/h (subir gradual), 500–900 mg sodio/h, 500–750 ml/h (más si calor).

Sheet Plan Rio ajustado
A1: Plan agresivo 70.3 Río de Janeiro — 30 abril a 9 agosto 2026
A2: Objetivo: 5:31 h. Estructura: 10–11 h/semana en builds, descargas estratégicas, foco en cramp-proofing, nutrición y carrera post-bici.
A4: Fecha | B4: Día | C4: Semana plan | D4: Fase | E4: Disciplina | F4: Sesión | G4: Min | H4: Horas | I4: Volumen objetivo | J4: Intensidad/Zona | K4: Detalle | L4: Nutrición/Hidratación | M4: Objetivo | N4: Estado | O4: Duración real | P4: Notas
A5: 46142 | B5: Jueves | C5: 0 | D5: Recuperación post-Neiva + reset | E5: Bici | F5: Rodillo recuperación | G5: 45 | H5: =G5/60 -> 0.75 | I5: — | J5: Z1–Z2 / 115–145 W | K5: Cadencia 90–95, sin bloquear piernas; termina fresco. | L5: Agua + 300–500 mg sodio si sudas mucho. | M5: Bajar tono muscular post-calambres. | N5: Planificado
A6: 46142 | B6: Jueves | C6: 0 | D6: Recuperación post-Neiva + reset | E6: Movilidad | F6: Movilidad + liberación | G6: 15 | H6: =G6/60 -> 0.25 | I6: — | J6: Suave | K6: Gemelos, sóleo, flexores de cadera, glúteo medio; respiración nasal 5'. | L6: Cena con carbohidrato + proteína. | M6: Recuperar rango articular. | N6: Planificado
A7: 46143 | B7: Viernes | C7: 0 | D7: Recuperación post-Neiva + reset | E7: Natación | F7: Técnica y calma en agua | G7: 45 | H7: =G7/60 -> 0.75 | I7: 1.600–1.800 m | J7: Z1–Z2 | K7: 300 suave + 8×50 técnica + 6×100 cómodo + 200 suave. Practica exhalación completa. | L7: No necesitas gel; hidrátate normal. | M7: Eliminar pánico/adrenalina inicial. | N7: Planificado
A8: 46143 | B8: Viernes | C8: 0 | D8: Recuperación post-Neiva + reset | E8: Fuerza | F8: Prehab calambres | G8: 20 | H8: =G8/60 -> 0.33333333 | I8: — | J8: RPE 5–6 | K8: 3×12 elevación gemelo recto + 3×12 sóleo rodilla flexionada + puente glúteo + plancha. | L8: Proteína en la siguiente comida. | M8: Activar pantorrilla y core sin fatigar. | N8: Planificado
A9: 46144 | B9: Sábado | C9: 0 | D9: Recuperación post-Neiva + reset | E9: Running | F9: Z2 fácil + strides | G9: 50 | H9: =G9/60 -> 0.83333333 | I9: 7–8 km aprox | J9: Z2 + 6×20” | K9: 40' conversacional + 6×20” alegres con 60” suave; sin buscar ritmo. | L9: Agua; si hace calor 300–500 mg sodio. | M9: Reiniciar carrera sin agravar calambres. | N9: Planificado
A10: 46145 | B10: Domingo | C10: 0 | D10: Recuperación post-Neiva + reset | E10: Bici | F10: Bici Z2 de reinicio | G10: 90 | H10: =G10/60 -> 1.5 | I10: 45–50 km rodillo/ruta | J10: Z2 / 125–150 W | K10: Mantén presión constante. Últimos 15' a 150–155 W si HR controlada. | L10: 40–60 g CH/h + 500–700 ml/h. | M10: Volver a volumen sin intensidad excesiva. | N10: Planificado
A11: 46145 | B11: Domingo | C11: 0 | D11: Recuperación post-Neiva + reset | E11: Running | F11: Brick muy fácil | G11: 15 | H11: =G11/60 -> 0.25 | I11: 2–2,5 km | J11: Z1–Z2 | K11: Primeros 5' casi trote; cadencia corta y técnica. | L11: Nada extra. | M11: Revisar si aparece amago de calambre. | N11: Planificado
A12: 46146 | B12: Lunes | C12: 1 | D12: Build 1 – técnica + Z2 | E12: Movilidad | F12: Descanso activo | G12: 20 | H12: =G12/60 -> 0.33333333 | I12: — | J12: Z0 | K12: Movilidad general + 10' caminata. Sueño prioritario. | L12: Hidratar y comer normal. | M12: Absorber recuperación. | N12: Planificado
A13: 46147 | B13: Martes | C13: 1 | D13: Build 1 – técnica + Z2 | E13: Natación | F13: CSS test controlado | G13: 50 | H13: =G13/60 -> 0.83333333 | I13: 2.000 m | J13: Test + técnica | K13: 400 suave + 4×50 técnica + test 400m + 6' rec + test 200m + suave. No salir a tope los primeros 100m. | L13: Comida con CH 2–3 h antes. | M13: Definir ritmo CSS real y control mental. | N13: Planificado
A14: 46147 | B14: Martes | C14: 1 | D14: Build 1 – técnica + Z2 | E14: Bici | F14: Rodillo Z2 | G14: 55 | H14: =G14/60 -> 0.91666667 | I14: — | J14: Z2 / 125–150 W | K14: Cadencia 85–95. Sin pasar de Z2. | L14: 30–45 g CH/h si vas en ayunas o cansado. | M14: Base aeróbica limpia. | N14: Planificado
A15: 46148 | B15: Miércoles | C15: 1 | D15: Build 1 – técnica + Z2 | E15: Running | F15: Tempo controlado | G15: 60 | H15: =G15/60 -> 1 | I15: 9–10 km aprox | J15: Z2 + Z3 | K15: 15' Z2 + 4×6' a ritmo cómodo-fuerte (rec 2') + 10' suave. | L15: Agua; si calor, sodio. | M15: Subir umbral sin cargar demasiado. | N15: Planificado
A16: 46148 | B16: Miércoles | C16: 1 | D16: Build 1 – técnica + Z2 | E16: Fuerza | F16: Fuerza tren inferior | G16: 35 | H16: =G16/60 -> 0.58333333 | I16: — | J16: RPE 7 | K16: Sentadilla o prensa 4×4, RDL 3×6, step-up 3×6/lad, gemelo pesado 4×6, core. | L16: Proteína 25–35 g post. | M16: Economía y resistencia neuromuscular. | N16: Planificado
... A165: 46243 | B165: Domingo | C165: 14 | D165: Race week | E165: Carrera | F165: IRONMAN 70.3 Río | G165: 331 | H165: =G165/60 -> 5.5166667 | I165: 1.9 km + 90 km + 21.1 km | J165: Plan de carrera | K165: Swim 43–45'; T1 4'; bike 2:43–2:49 a 150–162 W; T2 2–3'; run 1:55–2:00 con salida conservadora. | L165: Desayuno 3–4 h antes. Bici 85–95 g CH/h + 700–1000 mg sodio/h. Run 60–75 g CH/h + sodio/agua por aid stations. | M165: Meta 5:31 ejecutando sin calambres. | N165: Planificado

Sheet Resumen 70.3
A1: Plan 70.3 Río — resumen ejecutivo
A2: Fecha carrera oficial | B2: 46243 | C2: Objetivo total | D2: 5:31:00 | E2: Semana inicio plan | F2: 46142
A3: Split objetivo | B3: Tiempo | C3: Ritmo/Velocidad | D3: Criterio | E3: Riesgo principal | F3: Control
A4: Natación 1.9 km | B4: 0:43–0:45 | C4: 2:16–2:22/100m | D4: Neiva 1.5 km en 34.5' proyecta ~43.7' | E4: Adrenalina/contacto | F4: Primeros 200m muy controlados + exhalar
A5: T1 | B5: 0:04 | C5: — | D5: Simple y limpia | E5: Apuro | F5: Checklist fijo
A6: Bici 90 km | B6: 2:43–2:49 | C6: 32.0–33.1 km/h | D6: Neiva 40 km a 32.3 km/h; sostener sin quemar run | E6: Sobrebike + calor | F6: 150–162 W por FTP 205, sin picos
A7: T2 | B7: 0:02–0:03 | C7: — | D7: Zapatos, gorra, gel | E7: Desorden | F7: Rutina ensayada
A8: Running 21.1 km | B8: 1:55–2:00 | C8: 5:27–5:41/km | D8: Necesita durabilidad post-bici; salir conservador | E8: Calambres | F8: Primeros 8 km a 5:45–5:55 y progresar
A10: Lectura del registro | B10: Conclusión
A11: Consistencia | B11: Ya hay base desde febrero, con semanas cercanas a 9–10.6 h y muchas sesiones reales.
A12: Punto fuerte 1 | B12: Bici: 40 km a 32.3 km/h con FC 162 muestra buen techo; falta sostener 90 km sin comprometer run.
A13: Punto fuerte 2 | B13: Running: pudiste retomar 5:50/km pese a calambres; hay motor, falta resistencia neuromuscular post-bici.
A14: Debilidad 1 | B14: Natación: el ritmo da para el objetivo, pero el riesgo es mental/contacto/FC, no solo físico.
A15: Debilidad 2 | B15: Calambres: trabajarlos como problema de fatiga neuromuscular + calor + pacing + nutrición, no solo sal.
A16: Debilidad 3 | B16: Volumen de natación bajo vs 70.3; mínimo 2 sesiones/semana, 3 en semanas clave.
A18: Resumen semanal
A19: Semana | B19: Inicio | C19: Fase | D19: Horas plan | E19: Sesiones | F19: Foco
A20: 0 | B20: 46142 | C20: Recuperación post-Neiva + reset | D20: 4.6666667 | E20: 7 | F20: Recuperar calambres y reiniciar sin fatiga.
A21: 1 | B21: 46146 | C21: Build 1 – técnica + Z2 | D21: 10.083333 | E21: 12 | F21: CSS, Z2 y primer brick largo controlado.
A22: 2 | B22: 46153 | C22: Build 1 – subida controlada | D22: 10.583333 | E22: 11 | F22: Subir race power y correr más largo.
A23: 3 | B23: 46160 | C23: Descarga + técnica | D23: 8.3333333 | E23: 11 | F23: Descarga para asimilar.
A24: 4 | B24: 46167 | C24: Build 2 – fuerza-resistencia | D24: 10.916667 | E24: 11 | F24: Sweet spot + bici larga 85–90 km.
A25: 5 | B25: 46174 | C25: Build 2 – umbral aeróbico | D25: 10.916667 | E25: 11 | F25: Nutrición alta y continuo 1.9k.
A26: 6 | B26: 46181 | C26: Build 2 – brick progresivo | D26: 11 | E26: 11 | F26: Bici específica 2×30' + run largo.
A27: 7 | B27: 46188 | C27: Descarga | D27: 8.4166667 | E27: 11 | F27: Descarga y chequeo de race power.
A28: 8 | B28: 46195 | C28: Específico 70.3 – race power | D28: 10.833333 | E28: 11 | F28: Bloques 70.3 y brick a ritmo.
A29: 9 | B29: 46202 | C29: Específico 70.3 – nutrición | D29: 10.916667 | E29: 11 | F29: Ensayo nutrición 85–90 g CH/h.
A30: 10 | B30: 46209 | C30: Específico 70.3 – fatiga controlada | D30: 11 | E30: 11 | F30: Fatiga controlada sin pasar 11 h.
A31: 11 | B31: 46216 | C31: Pico + simulación 70.3 | D31: 10.75 | E31: 10 | F31: Simulación clave recortada.
... A34: 14 | B34: 46237 | C34: Race week | D34: 9.6833333 | E34: 11 | F34: Race week.

Sheet Nutrición y pacing
A1: Nutrición, hidratación y pacing 70.3
A2: Área | B2: Recomendación | C2: Cómo aplicarlo en este plan | D2: Notas
A3: Carbohidratos en sesiones >2.5 h | B3: Subir gradualmente hasta 85–95 g CH/h en bici y 60–75 g CH/h corriendo. | C3: Practicar en todos los domingos desde junio; registrar tolerancia GI. | D3: Usar mezcla glucosa/fructosa si pasas de 60 g/h.
A4: Sodio y fluidos | B4: Base: 600–1000 mg sodio/h y 500–900 ml/h, ajustado por sudor/calor. | C4: Pésate antes/después de sesiones largas para estimar pérdida; no buscar ganar peso durante sesión. | D4: En calor/humedad puede subir necesidad; evitar sobrehidratarse sin sodio.
A5: Desayuno carrera | B5: 3–4 h antes: 2–3 g CH/kg, bajo en fibra/grasas, probado antes. | C5: Mismo desayuno en simulación del 19/07. | D5: No estrenar alimentos.
A6: Bici carrera | B6: Comer desde los primeros 10–15 min. Objetivo 85–95 g CH/h. | C6: Ejemplo/hora: 1 botella 60 g CH + 1 gel 25 g + sodio. | D6: No esperar hambre; alarmas cada 10–15 min.
A7: Run carrera | B7: 60–75 g CH/h si el estómago tolera; agua en puestos. | C7: Gel cada 20–25 min + sorbos de agua; sodio según calor. | D7: Si hay náusea, bajar ritmo 2–3 min y volver al plan.
A8: Calambres | B8: Tratar como fatiga neuromuscular + pacing + calor + combustible, no solo sal. | C8: Bici sin picos, fuerza gemelo/sóleo, bricks, calor controlado. | D8: Si persisten o son severos, revisar con médico/deportólogo.
A9: Heat acclimation | B9: 10–14 días antes: exposiciones suaves al calor, idealmente 45–60 min en sesiones fáciles. | C9: Del 20/07 al 03/08 usa rodillo/run fácil con calor controlado o calor pasivo corto. | D9: Nunca deshidratarse a propósito; detener si mareo/escalofrío.
A10: Recuperación diaria | B10: Proteína 1.4–2.0 g/kg/d; CH alto en días clave, menor en descansos. | C10: Priorizar cena post-brick y sueño 7.5–9 h. | D10: No hacer déficit calórico agresivo en build.
A11: Pacing natación | B11: Primeros 200m demasiado fáciles; exhalación continua; buscar pies tranquilos. | C11: Practicar sighting y contacto en piscina cuando se pueda. | D11: Tu limitante en Neiva fue el susto/FC, no la capacidad de nadar 1.5k.
A12: Pacing bici | B12: Primeros 30 km 150–158 W; km 30–75 155–162 W; últimos 15 km solo subir si HR/estómago OK. | C12: Prohibidos picos >180 W salvo seguridad. | D12: Con FTP 205, es aprox 73–79% FTP.
A13: Pacing run | B13: Km 1–8 a 5:45–5:55; km 9–16 a 5:35–5:45; km 17–21 según piernas. | C13: Si aparece calambre: 60–120 s más suave, cadencia alta, zancada corta. | D13: No perseguir ritmo si la FC se dispara por calor.

Sheet Fuentes
A1: Tema | B1: Fuente | C1: URL
A2: Fecha/carrera oficial | B2: IRONMAN 70.3 Rio de Janeiro / registro oficial | C2: https://regbra1.ironman.com/event/2026-ironman-703-rio-de-janeiro
A3: Información del evento/curso | B3: IRONMAN 70.3 Rio de Janeiro | C3: https://www.ironman.com/races/im703-rio-de-janeiro
A4: Entrenamiento polarizado/intensidad | B4: Oliveira et al. 2024, Sports Medicine Open/PMC | C4: https://pmc.ncbi.nlm.nih.gov/articles/PMC11329428/
A5: Taper | B5: Bosquet et al. 2007, Effects of tapering on performance meta-analysis | C5: https://pubmed.ncbi.nlm.nih.gov/17762369/
A6: Taper revisión reciente | B6: Wang et al. 2023, PLOS ONE | C6: https://journals.plos.org/plosone/article?id=10.1371/journal.pone.0282838
A7: Carbohidratos durante ejercicio | B7: Jeukendrup 2014, Carbohydrate Intake During Exercise | C7: https://pmc.ncbi.nlm.nih.gov/articles/PMC4008807/
A8: Carbohidratos para competición | B8: Burke et al. 2011, Journal of Sports Sciences/PubMed | C8: https://pubmed.ncbi.nlm.nih.gov/21660838/
A9: Hidratación/fluidos | B9: ACSM Position Stand: Exercise and Fluid Replacement | C9: https://pubmed.ncbi.nlm.nih.gov/17277604/
A10: Calambres asociados al ejercicio | B10: Miller et al. 2010, Exercise-Associated Muscle Cramps | C10: https://pmc.ncbi.nlm.nih.gov/articles/PMC3445088/
A11: Heat acclimation | B11: Racinais et al. 2015, Consensus recommendations | C11: https://pubmed.ncbi.nlm.nih.gov/25943653/
A12: Fuerza y economía | B12: Luckin-Baldwin et al. 2021, Strength Training Improves Exercise Economy | C12: https://pubmed.ncbi.nlm.nih.gov/33571959/
A13: Proteína diaria | B13: ISSN Position Stand: Protein and Exercise | C13: https://pubmed.ncbi.nlm.nih.gov/28642676/
